{"name":null,"assets":"aoy4:pathy37:assets%2Fgraphics%2F1.5x%2Ffont-8.fnty4:sizei11115y4:typey4:TEXTy2:idR1y7:preloadtgoR0y37:assets%2Fgraphics%2F1.5x%2Ffont-8.pngR2i52279R3y5:IMAGER5R7R6tgoR0y41:assets%2Fgraphics%2F1.5x%2Fsprite-1-0.pngR2i33172R3R8R5R9R6tgoR0y41:assets%2Fgraphics%2F1.5x%2Fsprite-3-0.pngR2i37954R3R8R5R10R6tgoR0y41:assets%2Fgraphics%2F1.5x%2Fsprite-7-0.pngR2i3618R3R8R5R11R6tgoR0y41:assets%2Fgraphics%2F1.5x%2Fsprite-7-1.pngR2i10857R3R8R5R12R6tgoR0y41:assets%2Fgraphics%2F1.5x%2Fsprite-7-2.pngR2i36412R3R8R5R13R6tgoR0y35:assets%2Fgraphics%2F1x%2Ffont-8.fntR2i11084R3R4R5R14R6tgoR0y35:assets%2Fgraphics%2F1x%2Ffont-8.pngR2i34830R3R8R5R15R6tgoR0y39:assets%2Fgraphics%2F1x%2Fsprite-1-0.pngR2i15797R3R8R5R16R6tgoR0y39:assets%2Fgraphics%2F1x%2Fsprite-3-0.pngR2i17443R3R8R5R17R6tgoR0y39:assets%2Fgraphics%2F1x%2Fsprite-7-0.pngR2i1979R3R8R5R18R6tgoR0y39:assets%2Fgraphics%2F1x%2Fsprite-7-1.pngR2i5812R3R8R5R19R6tgoR0y39:assets%2Fgraphics%2F1x%2Fsprite-7-2.pngR2i16597R3R8R5R20R6tgoR0y35:assets%2Fgraphics%2F2x%2Ffont-8.fntR2i11169R3R4R5R21R6tgoR0y35:assets%2Fgraphics%2F2x%2Ffont-8.pngR2i74635R3R8R5R22R6tgoR0y39:assets%2Fgraphics%2F2x%2Fsprite-1-0.pngR2i53147R3R8R5R23R6tgoR0y39:assets%2Fgraphics%2F2x%2Fsprite-3-0.pngR2i63494R3R8R5R24R6tgoR0y39:assets%2Fgraphics%2F2x%2Fsprite-7-0.pngR2i4128R3R8R5R25R6tgoR0y39:assets%2Fgraphics%2F2x%2Fsprite-7-1.pngR2i13019R3R8R5R26R6tgoR0y39:assets%2Fgraphics%2F2x%2Fsprite-7-2.pngR2i58592R3R8R5R27R6tgoR0y35:assets%2Fgraphics%2F3x%2Ffont-8.fntR2i11177R3R4R5R28R6tgoR0y35:assets%2Fgraphics%2F3x%2Ffont-8.pngR2i123239R3R8R5R29R6tgoR0y39:assets%2Fgraphics%2F3x%2Fsprite-1-0.pngR2i119800R3R8R5R30R6tgoR0y39:assets%2Fgraphics%2F3x%2Fsprite-3-0.pngR2i145383R3R8R5R31R6tgoR0y39:assets%2Fgraphics%2F3x%2Fsprite-7-0.pngR2i7744R3R8R5R32R6tgoR0y39:assets%2Fgraphics%2F3x%2Fsprite-7-1.pngR2i24947R3R8R5R33R6tgoR0y39:assets%2Fgraphics%2F3x%2Fsprite-7-2.pngR2i123801R3R8R5R34R6tgoR0y35:assets%2Fgraphics%2F4x%2Ffont-8.fntR2i11280R3R4R5R35R6tgoR0y35:assets%2Fgraphics%2F4x%2Ffont-8.pngR2i170331R3R8R5R36R6tgoR0y39:assets%2Fgraphics%2F4x%2Fsprite-1-0.pngR2i197909R3R8R5R37R6tgoR0y39:assets%2Fgraphics%2F4x%2Fsprite-3-0.pngR2i248966R3R8R5R38R6tgoR0y39:assets%2Fgraphics%2F4x%2Fsprite-7-0.pngR2i8985R3R8R5R39R6tgoR0y39:assets%2Fgraphics%2F4x%2Fsprite-7-1.pngR2i29482R3R8R5R40R6tgoR0y39:assets%2Fgraphics%2F4x%2Fsprite-7-2.pngR2i187573R3R8R5R41R6tgoR0y36:assets%2Fgraphics%2Fdefault-font.fntR2i10791R3R4R5R42R6tgoR0y36:assets%2Fgraphics%2Fdefault-font.pngR2i1736R3R8R5R43R6tgoR0y29:assets%2Fdata%2Fbehaviors.mbsR2i4664R3y6:BINARYR5R44R6tgoR0y24:assets%2Fdata%2Fgame.mbsR2i1446R3R45R5R46R6tgoR0y34:assets%2Fdata%2Finner-joystick.pngR2i879R3R8R5R47R6tgoR0y41:assets%2Fdata%2Finner-joystick%401.5x.pngR2i1792R3R8R5R48R6tgoR0y39:assets%2Fdata%2Finner-joystick%402x.pngR2i1946R3R8R5R49R6tgoR0y39:assets%2Fdata%2Finner-joystick%403x.pngR2i3990R3R8R5R50R6tgoR0y39:assets%2Fdata%2Finner-joystick%404x.pngR2i4344R3R8R5R51R6tgoR0y34:assets%2Fdata%2Fouter-joystick.pngR2i1951R3R8R5R52R6tgoR0y41:assets%2Fdata%2Fouter-joystick%401.5x.pngR2i4023R3R8R5R53R6tgoR0y39:assets%2Fdata%2Fouter-joystick%402x.pngR2i4480R3R8R5R54R6tgoR0y39:assets%2Fdata%2Fouter-joystick%403x.pngR2i9183R3R8R5R55R6tgoR0y39:assets%2Fdata%2Fouter-joystick%404x.pngR2i9836R3R8R5R56R6tgoR0y29:assets%2Fdata%2Fresources.mbsR2i6802R3R45R5R57R6tgoR0y27:assets%2Fdata%2Fscene-0.mbsR2i449R3R45R5R58R6tgoR0y27:assets%2Fdata%2Fscene-0.scnR2i13R3R45R5R59R6tgoR0y26:assets%2Fdata%2Fscenes.mbsR2i72R3R45R5R60R6tgh","rootPath":null,"version":2,"libraryArgs":[],"libraryType":null}